INSERT INTO category (id, category_name) VALUES (1, 'Tablas');
INSERT INTO category (id, category_name) VALUES (2, 'Ejes');
INSERT INTO category (id, category_name) VALUES(3, 'Ruedas');
INSERT INTO category (id, category_name) VALUES(4, 'Rodamientos');
INSERT INTO category (id, category_name) VALUES(5, 'Tornillos');
INSERT INTO category (id, category_name) VALUES(6, 'Lijas');
INSERT INTO category (id, category_name) VALUES(7, 'SkateBoards Completos');
INSERT INTO category (id, category_name) VALUES(8, 'Cruisers');
INSERT INTO category (id, category_name) VALUES(9, 'Longboards');

ALTER TABLE category ALTER COLUMN id RESTART WITH 10;

INSERT INTO brand (id, brand_name, logo, alt_text, discount) VALUES (1, 'Element', 'https://cdn.skatedeluxe.com/images/manufacturers/200px/element.jpg', 'Logo marca Element', 0.0);
INSERT INTO brand (id, brand_name, logo, alt_text, discount) VALUES (2, 'Santa Cruz', 'https://cdn.shopify.com/s/files/1/0741/4828/2660/files/santa-cruz-logo-black-and-white_480x480.jpg?v=171323950', 'Logo marca Santa Cruz', 0.0);
INSERT INTO brand (id, brand_name, logo, alt_text, discount) VALUES (3, 'Independent', 'https://images.seeklogo.com/logo-png/7/2/independent-logo-png_seeklogo-71192.png', 'Logo marca Independent', 0.0);
INSERT INTO brand (id, brand_name, logo, alt_text, discount) VALUES (4, 'Thunder', 'https://encrypted-tbn0.gstatic.com/images?q=tbn:ANd9GcS4NJ8URw7WPNz6a2Ec7TfihwBmWL0xt_YjIQ&s', 'Logo marca Thunder', 0.0);
INSERT INTO brand (id, brand_name, logo, alt_text, discount) VALUES (5, 'Bones', 'https://encrypted-tbn0.gstatic.com/images?q=tbn:ANd9GcTR0Nz0Y-3gV3GPCDM3vgLxIv9_KEY_9mbPoQ&s', 'Logo marca Bones', 0.0);
INSERT INTO brand (id, brand_name, logo, alt_text, discount) VALUES (6, 'OJ Wheels', 'https://www.longboarderlabs.com/wp-content/uploads/2020/06/oj-wheels-circle-logo-yellow-500x500.jpg', 'Logo marca OJ Wheels', 0.0);
INSERT INTO brand (id, brand_name, logo, alt_text, discount) VALUES (7, 'Spitfire', 'https://seeklogo.com/images/S/spitfire-logo-47A9F7811D-seeklogo.com.png', 'Logo marca Spitfire', 0.0);
INSERT INTO brand (id, brand_name, logo, alt_text, discount) VALUES (8, 'Antix', 'https://cdn.skatedeluxe.com/images/manufacturers/200px/antix.jpg', 'Logo marca Antix', 0.0);
INSERT INTO brand (id, brand_name, logo, alt_text, discount) VALUES (9, 'ACE', 'https://neverenoughskate.shop/wp-content/uploads/2020/12/brand_ace_trucks.png', 'Logo marca ACE', 0.0);
INSERT INTO brand (id, brand_name, logo, alt_text, discount) VALUES (10, 'WKND', 'https://encrypted-tbn0.gstatic.com/images?q=tbn:ANd9GcRqTxZ11OD1WeaaOeA1Asbnl4itYN1Coha5Sg&s', 'Logo marca WKND', 0.0);
INSERT INTO brand (id, brand_name, logo, alt_text, discount) VALUES (11, 'ENJOI', 'https://images.seeklogo.com/logo-png/17/1/enjoi-logo-png_seeklogo-179171.png', 'Logo marca ENJOI', 0.0);
INSERT INTO brand (id, brand_name, logo, alt_text, discount) VALUES (12, 'Independent', 'https://cdn.skatedeluxe.com/images/manufacturers/200px/independent.jpg', 'Logo marca Independent', 0.0);
INSERT INTO brand (id, brand_name, logo, alt_text, discount) VALUES (13, 'Grizzly', 'https://encrypted-tbn0.gstatic.com/images?q=tbn:ANd9GcSYMUquf9wZjLKT0CLdvveT143mRSvPe1zAzw&s', 'Logo marca Grizzly', 0.0);
INSERT INTO brand (id, brand_name, logo, alt_text, discount) VALUES (14, 'Jessup', 'https://cdn11.bigcommerce.com/s-ae3w3/images/stencil/1280x1280/products/101966/204358/jessup-sticker-2__18597.1702477891.jpg?c=2', 'Logo marca Jessup', 0.0);
INSERT INTO brand (id, brand_name, logo, alt_text, discount) VALUES (15, 'Mob Grip', 'https://encrypted-tbn0.gstatic.com/images?q=tbn:ANd9GcSDmnEsRgQFzsP0lNz2Yx2JvjVwtHCMyyS6RKwbPoXFi-laIV9DIX-H55AKaE1g2kjx2U8&usqp=CAU', 'Logo marca Mob Grip', 0.0);
INSERT INTO brand (id, brand_name, logo, alt_text, discount) VALUES (16, 'Anti Hero', 'https://encrypted-tbn0.gstatic.com/images?q=tbn:ANd9GcREtqJzFmOfCDvb0LZH4gRnyoHXjl1gV8oVZA&s', 'Logo marca Anti Hero', 0.0);
INSERT INTO brand (id, brand_name, logo, alt_text, discount) VALUES (17, 'Plan B', 'https://cdn11.bigcommerce.com/s-brinfq1ux4/images/stencil/1280x1280/products/131710/265905/plan_b_-_logo_%2526_name_logo__79079.1326397592.380.380__38176.1741630700.jpg?c=2', 'Logo marca Plan B', 0.0);
INSERT INTO brand (id, brand_name, logo, alt_text, discount) VALUES (18, 'YOW', 'https://pleasuresmilano.com/wp-content/uploads/2023/05/yow-surf-cruiser-_clipped_rev_1-300x300.jpeg', 'Logo marca YOW', 0.0);
INSERT INTO brand (id, brand_name, logo, alt_text, discount) VALUES (19, 'Landyachtz', 'https://www.steezdistribution.com/wp-content/uploads/2013/10/LY.png', 'Logo marca Landyachtz', 0.0);

ALTER TABLE brand ALTER COLUMN id RESTART WITH 20;

INSERT INTO product (ID, CREATION_DATE, DESCRIPTION, IMAGE, NAME, PRICE, STOCK, VISIBLE, BRAND_ID, CATEGORY_ID, ALT_TEXT, DISCOUNT) VALUES (1, '2025-05-13 14:59:00', 'Tabla de skate de alta resistencia, fabricada en madera de arce.', 'https://cdn.skatedeluxe.com/thumb/VNRouuYhvTMmrdVf8LHHSF6qoXU=/fit-in/600x700/filters:fill(white):brightness(-4)/product/141291-0-Element-Section825.jpg', 'Tabla de Skate Element', 49.99, 100, TRUE, 1, 1, 'Tabla de skate de alta resistencia fabricada en madera de arce, modelo Tabla de Skate Element.', 5.0);
INSERT INTO product (ID, CREATION_DATE, DESCRIPTION, IMAGE, NAME, PRICE, STOCK, VISIBLE, BRAND_ID, CATEGORY_ID, ALT_TEXT, DISCOUNT) VALUES (2, '2025-05-13 14:59:00', 'Tabla robusta de skate con diseño clásico, perfecta para skaters experimentados.', 'https://cdn.skatedeluxe.com/thumb/F0q6fJsJe3m1galnqU3bnenQI88=/fit-in/600x700/filters:fill(white):brightness(-4)/product/139187-0-SantaCruz-ScreamingHand825.jpg', 'Tabla Santa Cruz Screaming Hand', 59.99, 80, TRUE, 2, 1, 'Tabla robusta de skate con diseño clásico perfecta para skaters experimentados, modelo Tabla Santa Cruz Screaming Hand.', 0.0);
INSERT INTO product (ID, CREATION_DATE, DESCRIPTION, IMAGE, NAME, PRICE, STOCK, VISIBLE, BRAND_ID, CATEGORY_ID, ALT_TEXT, DISCOUNT) VALUES (3, '2025-05-13 14:59:49', 'Ejes de skate fuertes y duraderos, ideales para cualquier tipo de tabla.', 'https://cdn.skatedeluxe.com/thumb/E7-4PehfKnSILSdptwze0ke5jH8=/fit-in/600x700/filters:fill(white):brightness(-4)/product/171345-3-Independent-139Stage11StandardIKP.jpg', 'Ejes Independents 139', 29.99, 150, TRUE, 3, 2, 'Ejes de skate fuertes y duraderos ideales para cualquier tipo de tabla, modelo Ejes Independents 139.', 0.0);
INSERT INTO product (ID, CREATION_DATE, DESCRIPTION, IMAGE, NAME, PRICE, STOCK, VISIBLE, BRAND_ID, CATEGORY_ID, ALT_TEXT, DISCOUNT) VALUES (4, '2025-05-13 14:59:49', 'Ejes de skate de alta precisión, ideales para maniobras rápidas.', 'https://cdn.skatedeluxe.com/thumb/Rb7jxGNsKEdGevq6cAji6Q8_U-I=/fit-in/600x700/filters:fill(white):brightness(-4)/product/124989-3-Thunder-147HighLightsII.jpg', 'Ejes Thunder 147', 34.99, 200, TRUE, 4, 2, 'Ejes de skate de alta precisión ideales para maniobras rápidas, modelo Ejes Thunder 147.', 0.0);
INSERT INTO product (ID, CREATION_DATE, DESCRIPTION, IMAGE, NAME, PRICE, STOCK, VISIBLE, BRAND_ID, CATEGORY_ID, ALT_TEXT, DISCOUNT) VALUES (5, '2025-05-13 14:59:49', 'Ruedas de skate de alta calidad, perfectas para todo tipo de terreno.', 'https://cdn.skatedeluxe.com/thumb/yk5fEmUhCy-hztDsVOLx3CmbboM=/fit-in/600x700/filters:fill(white):brightness(-4)/product/143901-2-Bones-STFRetrosV1.jpg', 'Ruedas Bones STF', 39.99, 200, TRUE, 5, 3, 'Ruedas de skate de alta calidad perfectas para todo tipo de terreno, modelo Ruedas Bones STF.', 0.0);
INSERT INTO product (ID, CREATION_DATE, DESCRIPTION, IMAGE, NAME, PRICE, STOCK, VISIBLE, BRAND_ID, CATEGORY_ID, ALT_TEXT, DISCOUNT) VALUES (6, '2025-05-13 14:59:49', 'Ruedas de skate para una conducción suave y rápida.', 'https://cdn.skatedeluxe.com/thumb/D0CZWTckJ7HevFi25xTKeX26eeE=/fit-in/600x700/filters:fill(white):brightness(-4)/product/148497-2-OJWheels-FromConcentrateIIHardline.jpg', 'Ruedas OJ Longboard', 29.99, 180, TRUE, 6, 3, 'Ruedas de skate para una conducción suave y rápida, modelo Ruedas OJ Longboard.', 0.0);
INSERT INTO product (ID, CREATION_DATE, DESCRIPTION, IMAGE, NAME, PRICE, STOCK, VISIBLE, BRAND_ID, CATEGORY_ID, ALT_TEXT, DISCOUNT) VALUES (7, '2025-05-13 14:59:00', 'Ruedas duraderas que proporcionan una excelente tracción en cualquier superficie.', 'https://cdn.skatedeluxe.com/thumb/Cz70WWBLdSR79Rj4FThE3HfVEkQ=/fit-in/600x700/filters:fill(white):brightness(-4)/product/161350-2-Spitfire-ConicalFull.jpg', 'Ruedas Spitfire 80HD', 44.99, 150, TRUE, 7, 3, 'Ruedas duraderas que proporcionan una excelente tracción en cualquier superficie, modelo Ruedas Spitfire 80HD.', 0.0);
INSERT INTO product (ID, CREATION_DATE, DESCRIPTION, IMAGE, NAME, PRICE, STOCK, VISIBLE, BRAND_ID, CATEGORY_ID, ALT_TEXT, DISCOUNT) VALUES (8, '2025-05-13 14:59:49', 'Rodamientos cerámicos de alta velocidad y durabilidad.', 'https://cdn.skatedeluxe.com/thumb/qVjMh8_aiVpxjsgVlzK_PQMQyl8=/fit-in/600x700/filters:fill(white):brightness(-4)/product/148429-0-Antix-EclipseCeramic.jpg', 'Rodamientos Antix', 19.99, 300, TRUE, 8, 4, 'Rodamientos cerámicos de alta velocidad y durabilidad, modelo Rodamientos Antix.', 0.0);
INSERT INTO product (ID, CREATION_DATE, DESCRIPTION, IMAGE, NAME, PRICE, STOCK, VISIBLE, BRAND_ID, CATEGORY_ID, ALT_TEXT, DISCOUNT) VALUES (9, '2025-05-13 14:59:49', 'Rodamientos rápidos y duraderos, ideales para street y vert.', 'https://cdn.skatedeluxe.com/thumb/K5NG3RZEoOvTxr_XGO5I_PHZlgo=/fit-in/600x700/filters:fill(white):brightness(-4)/product/2729-0-BonesBearings-Reds.jpg', 'Rodamientos Bones Reds', 29.99, 250, TRUE, 5, 4, 'Rodamientos rápidos y duraderos ideales para street y vert, modelo Rodamientos Bones Reds.', 0.0);
INSERT INTO product (ID, CREATION_DATE, DESCRIPTION, IMAGE, NAME, PRICE, STOCK, VISIBLE, BRAND_ID, CATEGORY_ID, ALT_TEXT, DISCOUNT) VALUES (10, '2025-05-13 14:59:49', 'Rodamientos de skate rápidos y precisos.', 'https://cdn.skatedeluxe.com/thumb/tVj6x0KSAxUuQes_vC3Wx4aiBsA=/fit-in/600x700/filters:fill(white):brightness(-4)/product/171866-0-Ace-HighPerformance.jpg', 'Rodamientos ACE', 16.99, 320, TRUE, 9, 4, 'Rodamientos de skate rápidos y precisos, modelo Rodamientos ACE.', 0.0);
INSERT INTO product (ID, CREATION_DATE, DESCRIPTION, IMAGE, NAME, PRICE, STOCK, VISIBLE, BRAND_ID, CATEGORY_ID, ALT_TEXT, DISCOUNT) VALUES (11, '2025-05-13 14:59:49', 'Juego de tornillos para montar tus ruedas y ejes con facilidad.', 'https://cdn.skatedeluxe.com/thumb/gGf9A3eIyBx9d5TQIPzXaT7gGhU=/fit-in/600x700/filters:fill(white):brightness(-4)/product/144157-0-WKND-78.jpg', 'Tornillos WKND', 4.99, 500, FALSE, 10, 5, 'Juego de tornillos para montar tus ruedas y ejes con facilidad, modelo Tornillos WKND.', 0.0);
INSERT INTO product (ID, CREATION_DATE, DESCRIPTION, IMAGE, NAME, PRICE, STOCK, VISIBLE, BRAND_ID, CATEGORY_ID, ALT_TEXT, DISCOUNT) VALUES (12, '2025-05-13 14:59:49', 'Juego de tornillos de alta calidad y resistencia.', 'https://cdn.skatedeluxe.com/thumb/j8NKfbW-oYi6I0yYzWlxUkcGeto=/fit-in/600x700/filters:fill(white):brightness(-4)/product/137806-0-Enjoi-DramaFree78.jpg', 'Tornillos ENJOI', 5.99, 450, TRUE, 11, 5, 'Juego de tornillos de alta calidad y resistencia, modelo Tornillos ENJOI.', 0.0);
INSERT INTO product (ID, CREATION_DATE, DESCRIPTION, IMAGE, NAME, PRICE, STOCK, VISIBLE, BRAND_ID, CATEGORY_ID, ALT_TEXT, DISCOUNT) VALUES (13, '2025-05-13 14:59:49', 'Tornillos resistentes para mantener tu setup seguro.', 'https://cdn.skatedeluxe.com/thumb/8HuZEIxtnXW9qHPi8Ho-S3BebR0=/fit-in/600x700/filters:fill(white):brightness(-4)/product/114361-0-Independent-78.jpg', 'Tornillos Independent', 6.99, 400, TRUE, 3, 5, 'Tornillos resistentes para mantener tu setup seguro, modelo Tornillos Independent.', 0.0);
INSERT INTO product (ID, CREATION_DATE, DESCRIPTION, IMAGE, NAME, PRICE, STOCK, VISIBLE, BRAND_ID, CATEGORY_ID, ALT_TEXT, DISCOUNT) VALUES (14, '2025-05-13 14:59:49', 'Lija antideslizante para un mejor agarre.', 'https://cdn.skatedeluxe.com/thumb/BuSYxgzptrDJsoLGqJQ5EPbNUpY=/fit-in/600x700/filters:fill(white):brightness(-4)/product/80888_0_Grizzly_MiniBearCutOut.jpg', 'Lija Grizzly', 9.99, 400, TRUE, 13, 6, 'Lija antideslizante para un mejor agarre, modelo Lija Grizzly.', 0.0);
INSERT INTO product (ID, CREATION_DATE, DESCRIPTION, IMAGE, NAME, PRICE, STOCK, VISIBLE, BRAND_ID, CATEGORY_ID, ALT_TEXT, DISCOUNT) VALUES (15, '2025-05-13 14:59:00', 'Lija de skate muy duradera.', 'https://cdn.skatedeluxe.com/thumb/Xg2QSvTHCuxLmbYL9801dYyoMNM=/fit-in/600x700/filters:fill(white):brightness(-4)/product/132135-0-Jessup-Ultra.jpg', 'Lija Jessup', 8.99, 350, FALSE, 14, 6, 'Lija de skate muy duradera, modelo Lija Jessup.', 5.0);
INSERT INTO product (ID, CREATION_DATE, DESCRIPTION, IMAGE, NAME, PRICE, STOCK, VISIBLE, BRAND_ID, CATEGORY_ID, ALT_TEXT, DISCOUNT) VALUES (16, '2025-05-13 14:59:49', 'Lija de alta calidad que te dará el máximo agarre.', 'https://cdn.skatedeluxe.com/thumb/NS4iI0VOP-6vZUDjahoUN3quXvY=/fit-in/600x700/filters:fill(white):brightness(-4)/product/1024_0.jpg', 'Lija Mob Grip', 10.99, 300, TRUE, 15, 6, 'Lija de alta calidad que te dará el máximo agarre, modelo Lija Mob Grip.', 0.0);
INSERT INTO product (ID, CREATION_DATE, DESCRIPTION, IMAGE, NAME, PRICE, STOCK, VISIBLE, BRAND_ID, CATEGORY_ID, ALT_TEXT, DISCOUNT) VALUES (17, '2025-05-13 14:59:00', 'Skateboard completo con ejes y ruedas incluidos.', 'https://cdn.skatedeluxe.com/thumb/dSk1rXAS25XTo1ZgF7cH38Va1CI=/fit-in/600x700/filters:fill(white):brightness(-4)/product/142712-0-SantaCruz-ScreamingHandMini775.jpg', 'Skateboard Completo Santa Cruz', 149.99, 50, TRUE, 2, 7, 'Skateboard completo con ejes y ruedas incluidos, modelo Skateboard Completo Santa Cruz.', 0.0);
INSERT INTO product (ID, CREATION_DATE, DESCRIPTION, IMAGE, NAME, PRICE, STOCK, VISIBLE, BRAND_ID, CATEGORY_ID, ALT_TEXT, DISCOUNT) VALUES (18, '2025-05-13 14:59:49', 'Completo profesional, diseñado para rampa.', 'https://cdn.skatedeluxe.com/thumb/3RLnph4gpGs_lnaOQBlKRh-Hk1Q=/fit-in/600x700/filters:fill(white):brightness(-4)/product/132525-0-AntiHero-ClassicEagle8.jpg', 'Skateboard Completo Anti Hero', 129.99, 60, FALSE, 16, 7, 'Completo profesional diseñado para rampa, modelo Skateboard Completo Anti Hero.', 0.0);
INSERT INTO product (ID, CREATION_DATE, DESCRIPTION, IMAGE, NAME, PRICE, STOCK, VISIBLE, BRAND_ID, CATEGORY_ID, ALT_TEXT, DISCOUNT) VALUES (19, '2025-05-13 14:59:49', 'Skateboard completo de alto rendimiento.', 'https://cdn.skatedeluxe.com/thumb/un2EO-XghW3WzwLXYc8TcvJuBHU=/fit-in/600x700/filters:fill(white):brightness(-4)/product/144150-0-PlanB-TeamChain8.jpg', 'Skateboard Completo Plan B', 169.99, 70, TRUE, 17, 7, 'Skateboard completo de alto rendimiento, modelo Skateboard Completo Plan B.', 0.0);
INSERT INTO product (ID, CREATION_DATE, DESCRIPTION, IMAGE, NAME, PRICE, STOCK, VISIBLE, BRAND_ID, CATEGORY_ID, ALT_TEXT, DISCOUNT) VALUES (20, '2025-05-13 14:59:49', 'Cruiser compacto de alta calidad.', 'https://cdn.skatedeluxe.com/thumb/XOcqCiLQ3KXMmrDa4rq4998-g3I=/fit-in/600x700/filters:fill(white):brightness(-4)/product/174825-0-YOW-HossegorGrom29736cmSurfskate.jpg', 'Cruiser YOW', 99.99, 120, TRUE, 18, 8, 'Cruiser compacto de alta calidad, modelo Cruiser YOW.', 0.0);
INSERT INTO product (ID, CREATION_DATE, DESCRIPTION, IMAGE, NAME, PRICE, STOCK, VISIBLE, BRAND_ID, CATEGORY_ID, ALT_TEXT, DISCOUNT) VALUES (21, '2025-05-13 14:59:49', 'Cruiser para paseos largos, de gran suavidad.', 'https://cdn.skatedeluxe.com/thumb/Ki9PxznQI-yTIzpNAjUpHwEmI3k=/fit-in/600x700/filters:fill(white):brightness(-4)/product/176207-0-Landyachtz-Dinghy285724cm.jpg', 'Cruiser Landyachtz', 129.99, 100, TRUE, 19, 8, 'Cruiser para paseos largos de gran suavidad, modelo Cruiser Landyachtz.', 0.0);
INSERT INTO product (ID, CREATION_DATE, DESCRIPTION, IMAGE, NAME, PRICE, STOCK, VISIBLE, BRAND_ID, CATEGORY_ID, ALT_TEXT, DISCOUNT) VALUES (22, '2025-05-13 14:59:49', 'Cruiser clásico con ruedas grandes.', 'https://cdn.skatedeluxe.com/thumb/VEdRfpSK-ac1TFWKSvSEYAliOSM=/fit-in/600x700/filters:fill(white):brightness(-4)/product/153826-0-SantaCruz-Rainbow879x2905738cm.jpg', 'Cruiser Santa Cruz', 119.99, 150, TRUE, 2, 8, 'Cruiser clásico con ruedas grandes, modelo Cruiser Santa Cruz.', 0.0);
INSERT INTO product (ID, CREATION_DATE, DESCRIPTION, IMAGE, NAME, PRICE, STOCK, VISIBLE, BRAND_ID, CATEGORY_ID, ALT_TEXT, DISCOUNT) VALUES (23, '2025-05-13 14:59:49', 'Longboard de alta gama, perfecto para downhill y cruising.', 'https://cdn.skatedeluxe.com/thumb/NJRbBBoqe5z4N9uVSlof4YvvjVY=/fit-in/600x700/filters:fill(white):brightness(-4)/product/174534-0-Landyachtz-Evo401016cm.jpg', 'Longboard Landyachtz Drop Cat', 299.99, 80, TRUE, 19, 9, 'Longboard de alta gama perfecto para downhill y cruising, modelo Longboard Landyachtz Drop Cat.', 0.0);
INSERT INTO product (ID, CREATION_DATE, DESCRIPTION, IMAGE, NAME, PRICE, STOCK, VISIBLE, BRAND_ID, CATEGORY_ID, ALT_TEXT, DISCOUNT) VALUES (24, '2025-05-13 14:59:00', 'Longboard ideal para downhill, con alta estabilidad y control.', 'https://cdn.skatedeluxe.com/thumb/FZtYo-uici-GuKzAv8GSKZ7_WiY=/fit-in/600x700/filters:fill(white):brightness(-4)/product/174770-0-YOW-Calmon411041cmSurfskate.jpg', 'Longboard YOW', 99.99, 100, TRUE, 18, 9, 'Longboard ideal para downhill con alta estabilidad y control, modelo Longboard YOW.', 0.0);
INSERT INTO product (ID, CREATION_DATE, DESCRIPTION, IMAGE, NAME, PRICE, STOCK, VISIBLE, BRAND_ID, CATEGORY_ID, ALT_TEXT, DISCOUNT) VALUES (25, '2025-05-13 14:59:00', 'Skateboard completo ideal para principiantes.', 'https://cdn.skatedeluxe.com/thumb/yRW-IpTm0EHJWU54laWQ22aF3KY=/fit-in/600x700/filters:fill(white):brightness(-4)/product/146438-0-Enjoi-CandyCoated825.jpg', 'Skate Completo ENJOI Panda', 99.99, 90, TRUE, 11, 7, 'Skateboard completo ideal para principiantes, modelo Skate Completo ENJOI Panda.', 10.0);

ALTER TABLE product ALTER COLUMN id RESTART WITH 26;
